id,description,unit_id,name
1,,1,第1课
2,,1,第2课
3,,1,第3课
4,,1,第4课
5,,2,第5课
6,,2,第6课
7,,2,第7课
8,,2,第8课
9,,3,第9课
10,,3,第10课
11,,3,第11课
12,,3,第12课
13,,4,第13课
14,,4,第14课
15,,4,第15课
16,,4,第16课
17,,5,第17课
18,,5,第18课
19,,5,第19课
20,,5,第20课
21,,6,第21课
22,,6,第22课
23,,6,第23课
24,,6,第24课
25,,7,第25课
26,,7,第26课
27,,7,第27课
28,,7,第28课
29,,8,第29课
30,,8,第30课
31,,8,第31课
32,,8,第32课
33,,9,第33课
34,,9,第34课
35,,9,第35课
36,,9,第36课
37,,10,第37课
38,,10,第38课
39,,10,第39课
40,,10,第40课
41,,11,第41课
42,,11,第42课
43,,11,第43课
44,,11,第44课
45,,12,第45课
46,,12,第46课
47,,12,第47课
48,,12,第48课
